sheet_code,ecount_code,poomgo_code,naver_code,product_name
F00C0101,F00C0101,F00C0101,,인디고 면역 앤 장 키튼 40g
F00D0207,,,8809907651535,인디고 세븐 비 포 독 40g
F00D0208,,,8809907651498,인디고 세븐 비 포 독 1.6kg
F00D0209,,,8809907651573,인디고 세븐 비 포 독 5.2kg
F00D0201,,,8809907651542,인디고 세븐 에스 포 독 40g
F00D0202,,,8809907651504,인디고 세븐 에스 포 독 1.6kg
F00D0203,,,8809907651580,인디고 세븐 에스 포 독 5.2kg
F00C0205,,,8809907651511,인디고 세븐 인도어 팻다운 포 캣 1.4kg
F00C0204,,,8809907651559,인디고 세븐 인도어 팻다운 포 캣 40g
F00C0206,,,8809907651597,인디고 세븐 인도어 팻다운 포 캣 5.2kg
F00C0202,,,8809907651528,인디고 세븐 인도어 프로틴업 포 캣 1.4kg
F00C0201,,,8809907651566,인디고 세븐 인도어 프로틴업 포 캣 40g
F00C0203,,,8809907651603,인디고 세븐 인도어 프로틴업 포 캣 5.2kg
I01030,,,8809907650385,인디고 캣 흰살참치와 연어 그레이비캔 80g
I01041,,,8809907651610,인디고 펫 오리진 데일리스틱 흰살참치 56g
I01040,,,8809907651627,인디고 펫 오리진 데일리스틱 흰살참치&닭가슴살 56g
